{
  "Get User Profile" : {
    "transaction" : "Get User Profile",
    "sampleCount" : 5891,
    "errorCount" : 5856,
    "errorPct" : 99.405876,
    "meanResTime" : 357.5542352741471,
    "medianResTime" : 1.0,
    "minResTime" : 0.0,
    "maxResTime" : 36271.0,
    "pct1ResTime" : 4.0,
    "pct2ResTime" : 1013.7999999999993,
    "pct3ResTime" : 16057.72,
    "throughput" : 18.267119804522284,
    "receivedKBytesPerSec" : 36.61699057166534,
    "sentKBytesPerSec" : 0.350553754046612
  },
  "Add Contact" : {
    "transaction" : "Add Contact",
    "sampleCount" : 6575,
    "errorCount" : 6573,
    "errorPct" : 99.96958,
    "meanResTime" : 3220.790570342202,
    "medianResTime" : 1243.0,
    "minResTime" : 0.0,
    "maxResTime" : 37262.0,
    "pct1ResTime" : 1357.0,
    "pct2ResTime" : 31016.0,
    "pct3ResTime" : 31262.399999999998,
    "throughput" : 20.79814255980059,
    "receivedKBytesPerSec" : 26.40690068333365,
    "sentKBytesPerSec" : 12.432577171587049
  },
  "Update Contact" : {
    "transaction" : "Update Contact",
    "sampleCount" : 6398,
    "errorCount" : 6398,
    "errorPct" : 100.0,
    "meanResTime" : 276.7221006564562,
    "medianResTime" : 1.0,
    "minResTime" : 0.0,
    "maxResTime" : 31153.0,
    "pct1ResTime" : 11.100000000000364,
    "pct2ResTime" : 1238.0,
    "pct3ResTime" : 1338.0,
    "throughput" : 27.309668937492532,
    "receivedKBytesPerSec" : 53.78264695674119,
    "sentKBytesPerSec" : 1.7308602820498045
  },
  "Total" : {
    "transaction" : "Total",
    "sampleCount" : 51228,
    "errorCount" : 51188,
    "errorPct" : 99.92192,
    "meanResTime" : 1648.7310064808207,
    "medianResTime" : 1024.0,
    "minResTime" : 0.0,
    "maxResTime" : 37303.0,
    "pct1ResTime" : 1314.0,
    "pct2ResTime" : 1361.0,
    "pct3ResTime" : 35208.0,
    "throughput" : 155.52573576290433,
    "receivedKBytesPerSec" : 251.3952866564608,
    "sentKBytesPerSec" : 36.91366877500865
  },
  "Delete Contact" : {
    "transaction" : "Delete Contact",
    "sampleCount" : 6366,
    "errorCount" : 6366,
    "errorPct" : 100.0,
    "meanResTime" : 391.9065347156774,
    "medianResTime" : 1.0,
    "minResTime" : 0.0,
    "maxResTime" : 36297.0,
    "pct1ResTime" : 43.30000000000018,
    "pct2ResTime" : 1248.6499999999996,
    "pct3ResTime" : 11257.72999999979,
    "throughput" : 28.31233405529933,
    "receivedKBytesPerSec" : 55.636991380882286,
    "sentKBytesPerSec" : 1.0959829221499762
  },
  "Get Contact List" : {
    "transaction" : "Get Contact List",
    "sampleCount" : 6471,
    "errorCount" : 6471,
    "errorPct" : 100.0,
    "meanResTime" : 311.86277236903237,
    "medianResTime" : 1.0,
    "minResTime" : 0.0,
    "maxResTime" : 36083.0,
    "pct1ResTime" : 12.0,
    "pct2ResTime" : 1244.0,
    "pct3ResTime" : 1465.9199999999964,
    "throughput" : 23.638356164383563,
    "receivedKBytesPerSec" : 46.57239583333333,
    "sentKBytesPerSec" : 0.7940318207762557
  },
  "Login" : {
    "transaction" : "Login",
    "sampleCount" : 6673,
    "errorCount" : 6670,
    "errorPct" : 99.95504,
    "meanResTime" : 3432.8404016184654,
    "medianResTime" : 1243.0,
    "minResTime" : 0.0,
    "maxResTime" : 37296.0,
    "pct1ResTime" : 1544.800000000001,
    "pct2ResTime" : 31201.3,
    "pct3ResTime" : 35226.26,
    "throughput" : 21.651033234157563,
    "receivedKBytesPerSec" : 27.438016875630666,
    "sentKBytesPerSec" : 8.5839066510089
  },
  "Get Single Contact" : {
    "transaction" : "Get Single Contact",
    "sampleCount" : 6460,
    "errorCount" : 6460,
    "errorPct" : 100.0,
    "meanResTime" : 2713.5708978328225,
    "medianResTime" : 1237.0,
    "minResTime" : 0.0,
    "maxResTime" : 37303.0,
    "pct1ResTime" : 1339.0,
    "pct2ResTime" : 23255.64999999998,
    "pct3ResTime" : 31152.0,
    "throughput" : 24.295213166049884,
    "receivedKBytesPerSec" : 30.86581475346564,
    "sentKBytesPerSec" : 7.9508331323619
  },
  "Update Partial Contact " : {
    "transaction" : "Update Partial Contact ",
    "sampleCount" : 6394,
    "errorCount" : 6394,
    "errorPct" : 100.0,
    "meanResTime" : 2261.138723803567,
    "medianResTime" : 1238.0,
    "minResTime" : 0.0,
    "maxResTime" : 36329.0,
    "pct1ResTime" : 1342.0,
    "pct2ResTime" : 8179.5,
    "pct3ResTime" : 31158.1,
    "throughput" : 27.223570485800657,
    "receivedKBytesPerSec" : 34.599983168880655,
    "sentKBytesPerSec" : 10.586383225294844
  }
}