{
  "Get User Profile" : {
    "transaction" : "Get User Profile",
    "sampleCount" : 4883,
    "errorCount" : 4569,
    "errorPct" : 93.56953,
    "meanResTime" : 1163.609256604548,
    "medianResTime" : 1125.0,
    "minResTime" : 0.0,
    "maxResTime" : 25294.0,
    "pct1ResTime" : 2138.800000000003,
    "pct2ResTime" : 3111.4000000000024,
    "pct3ResTime" : 11316.479999999952,
    "throughput" : 8.157803290520041,
    "receivedKBytesPerSec" : 12.490970637421313,
    "sentKBytesPerSec" : 1.9283311247636026
  },
  "Add Contact" : {
    "transaction" : "Add Contact",
    "sampleCount" : 17288,
    "errorCount" : 16752,
    "errorPct" : 96.89958,
    "meanResTime" : 1202.2836071263257,
    "medianResTime" : 1082.5,
    "minResTime" : 0.0,
    "maxResTime" : 27160.0,
    "pct1ResTime" : 2311.0,
    "pct2ResTime" : 3224.5499999999993,
    "pct3ResTime" : 14318.360000000044,
    "throughput" : 28.938104795175196,
    "receivedKBytesPerSec" : 46.05719329111519,
    "sentKBytesPerSec" : 11.545303589183696
  },
  "Update Contact" : {
    "transaction" : "Update Contact",
    "sampleCount" : 17150,
    "errorCount" : 16924,
    "errorPct" : 98.68221,
    "meanResTime" : 1191.5722448979536,
    "medianResTime" : 1133.0,
    "minResTime" : 0.0,
    "maxResTime" : 27527.0,
    "pct1ResTime" : 2301.7999999999993,
    "pct2ResTime" : 3386.3499999999967,
    "pct3ResTime" : 10214.25000000004,
    "throughput" : 29.08470517605998,
    "receivedKBytesPerSec" : 45.5311175607175,
    "sentKBytesPerSec" : 11.670791107160603
  },
  "Total" : {
    "transaction" : "Total",
    "sampleCount" : 113150,
    "errorCount" : 110962,
    "errorPct" : 98.066284,
    "meanResTime" : 1193.8571542200743,
    "medianResTime" : 996.5,
    "minResTime" : 0.0,
    "maxResTime" : 35318.0,
    "pct1ResTime" : 1188.0,
    "pct2ResTime" : 1213.0,
    "pct3ResTime" : 1277.9900000000016,
    "throughput" : 188.27017727180456,
    "receivedKBytesPerSec" : 376.9111050494344,
    "sentKBytesPerSec" : 53.35906834860515
  },
  "Delete Contact" : {
    "transaction" : "Delete Contact",
    "sampleCount" : 17034,
    "errorCount" : 16891,
    "errorPct" : 99.1605,
    "meanResTime" : 1193.8234707056447,
    "medianResTime" : 1132.0,
    "minResTime" : 0.0,
    "maxResTime" : 26953.0,
    "pct1ResTime" : 2268.5,
    "pct2ResTime" : 3090.75,
    "pct3ResTime" : 12656.700000000055,
    "throughput" : 29.128952989077927,
    "receivedKBytesPerSec" : 45.66902891947214,
    "sentKBytesPerSec" : 7.09208561589079
  },
  "Get Contact List" : {
    "transaction" : "Get Contact List",
    "sampleCount" : 5133,
    "errorCount" : 4837,
    "errorPct" : 94.23339,
    "meanResTime" : 1745.1638418079137,
    "medianResTime" : 1138.0,
    "minResTime" : 0.0,
    "maxResTime" : 35318.0,
    "pct1ResTime" : 2834.600000000002,
    "pct2ResTime" : 6521.600000000024,
    "pct3ResTime" : 25344.099999999988,
    "throughput" : 8.622630162575131,
    "receivedKBytesPerSec" : 90.29773884574261,
    "sentKBytesPerSec" : 2.0256961528673227
  },
  "Login" : {
    "transaction" : "Login",
    "sampleCount" : 17358,
    "errorCount" : 17158,
    "errorPct" : 98.84779,
    "meanResTime" : 1226.9566770365316,
    "medianResTime" : 6.0,
    "minResTime" : 0.0,
    "maxResTime" : 28206.0,
    "pct1ResTime" : 2371.0,
    "pct2ResTime" : 3532.2499999999964,
    "pct3ResTime" : 19466.87,
    "throughput" : 28.885275964381815,
    "receivedKBytesPerSec" : 46.886424368561016,
    "sentKBytesPerSec" : 6.996083420940744
  },
  "Get Single Contact" : {
    "transaction" : "Get Single Contact",
    "sampleCount" : 17219,
    "errorCount" : 16900,
    "errorPct" : 98.14739,
    "meanResTime" : 1078.8362854985787,
    "medianResTime" : 5.0,
    "minResTime" : 0.0,
    "maxResTime" : 27671.0,
    "pct1ResTime" : 2235.0,
    "pct2ResTime" : 3109.0,
    "pct3ResTime" : 9853.199999999993,
    "throughput" : 29.095585054612307,
    "receivedKBytesPerSec" : 47.56734837090323,
    "sentKBytesPerSec" : 5.9412298968795625
  },
  "Update Partial Contact " : {
    "transaction" : "Update Partial Contact ",
    "sampleCount" : 17085,
    "errorCount" : 16931,
    "errorPct" : 99.098625,
    "meanResTime" : 1112.963359672238,
    "medianResTime" : 4.0,
    "minResTime" : 0.0,
    "maxResTime" : 30281.0,
    "pct1ResTime" : 2244.0,
    "pct2ResTime" : 3131.0,
    "pct3ResTime" : 12214.51999999999,
    "throughput" : 29.077930897152456,
    "receivedKBytesPerSec" : 47.47961680763124,
    "sentKBytesPerSec" : 6.913303400701037
  }
}