{
  "Get User Profile" : {
    "transaction" : "Get User Profile",
    "sampleCount" : 7977,
    "errorCount" : 7941,
    "errorPct" : 99.548706,
    "meanResTime" : 145.31252350507611,
    "medianResTime" : 1.0,
    "minResTime" : 0.0,
    "maxResTime" : 30263.0,
    "pct1ResTime" : 3.0,
    "pct2ResTime" : 9.0,
    "pct3ResTime" : 1560.2200000000003,
    "throughput" : 27.125917714309033,
    "receivedKBytesPerSec" : 54.75492253942899,
    "sentKBytesPerSec" : 0.3466334783370116
  },
  "Add Contact" : {
    "transaction" : "Add Contact",
    "sampleCount" : 8957,
    "errorCount" : 8957,
    "errorPct" : 100.0,
    "meanResTime" : 2194.56961036061,
    "medianResTime" : 1265.0,
    "minResTime" : 0.0,
    "maxResTime" : 31291.0,
    "pct1ResTime" : 1566.0,
    "pct2ResTime" : 1709.1000000000004,
    "pct3ResTime" : 31022.42,
    "throughput" : 30.971538825937667,
    "receivedKBytesPerSec" : 39.08918991462685,
    "sentKBytesPerSec" : 18.660410493048087
  },
  "Update Contact" : {
    "transaction" : "Update Contact",
    "sampleCount" : 8821,
    "errorCount" : 8821,
    "errorPct" : 100.0,
    "meanResTime" : 182.01303707062723,
    "medianResTime" : 1.0,
    "minResTime" : 0.0,
    "maxResTime" : 31045.0,
    "pct1ResTime" : 8.0,
    "pct2ResTime" : 1249.0,
    "pct3ResTime" : 1550.7800000000007,
    "throughput" : 38.80876749936206,
    "receivedKBytesPerSec" : 76.77607079102395,
    "sentKBytesPerSec" : 2.155170932250741
  },
  "Total" : {
    "transaction" : "Total",
    "sampleCount" : 70138,
    "errorCount" : 70100,
    "errorPct" : 99.94582,
    "meanResTime" : 1167.913855541921,
    "medianResTime" : 1148.0,
    "minResTime" : 0.0,
    "maxResTime" : 31555.0,
    "pct1ResTime" : 1560.0,
    "pct2ResTime" : 1594.0,
    "pct3ResTime" : 1778.9800000000032,
    "throughput" : 232.9438647067029,
    "receivedKBytesPerSec" : 376.8688879137412,
    "sentKBytesPerSec" : 55.00359340646111
  },
  "Delete Contact" : {
    "transaction" : "Delete Contact",
    "sampleCount" : 8760,
    "errorCount" : 8760,
    "errorPct" : 100.0,
    "meanResTime" : 153.12773972602693,
    "medianResTime" : 1.0,
    "minResTime" : 0.0,
    "maxResTime" : 31040.0,
    "pct1ResTime" : 8.0,
    "pct2ResTime" : 1247.0,
    "pct3ResTime" : 1538.0,
    "throughput" : 44.64968347655891,
    "receivedKBytesPerSec" : 88.33220203918061,
    "sentKBytesPerSec" : 1.431066197551913
  },
  "Get Contact List" : {
    "transaction" : "Get Contact List",
    "sampleCount" : 8869,
    "errorCount" : 8869,
    "errorPct" : 100.0,
    "meanResTime" : 190.14894576615222,
    "medianResTime" : 1.0,
    "minResTime" : 0.0,
    "maxResTime" : 31041.0,
    "pct1ResTime" : 8.0,
    "pct2ResTime" : 1252.5,
    "pct3ResTime" : 1557.2999999999993,
    "throughput" : 34.34614907986864,
    "receivedKBytesPerSec" : 67.9313574103782,
    "sentKBytesPerSec" : 1.0179093841490334
  },
  "Login" : {
    "transaction" : "Login",
    "sampleCount" : 9078,
    "errorCount" : 9076,
    "errorPct" : 99.97797,
    "meanResTime" : 2368.6360431813073,
    "medianResTime" : 1267.0,
    "minResTime" : 0.0,
    "maxResTime" : 31262.0,
    "pct1ResTime" : 1591.0,
    "pct2ResTime" : 6544.049999999999,
    "pct3ResTime" : 31038.0,
    "throughput" : 30.15005280742891,
    "receivedKBytesPerSec" : 37.925575022874916,
    "sentKBytesPerSec" : 12.094469719174079
  },
  "Get Single Contact" : {
    "transaction" : "Get Single Contact",
    "sampleCount" : 8860,
    "errorCount" : 8860,
    "errorPct" : 100.0,
    "meanResTime" : 2125.138487584654,
    "medianResTime" : 1262.0,
    "minResTime" : 0.0,
    "maxResTime" : 31555.0,
    "pct1ResTime" : 1554.9000000000005,
    "pct2ResTime" : 1659.0,
    "pct3ResTime" : 31023.0,
    "throughput" : 34.29934111197999,
    "receivedKBytesPerSec" : 43.320312348779005,
    "sentKBytesPerSec" : 11.313749932252993
  },
  "Update Partial Contact " : {
    "transaction" : "Update Partial Contact ",
    "sampleCount" : 8816,
    "errorCount" : 8816,
    "errorPct" : 100.0,
    "meanResTime" : 1830.1556261343,
    "medianResTime" : 1262.0,
    "minResTime" : 0.0,
    "maxResTime" : 31525.0,
    "pct1ResTime" : 1567.0,
    "pct2ResTime" : 1672.7499999999982,
    "pct3ResTime" : 31000.0,
    "throughput" : 38.79206030018085,
    "receivedKBytesPerSec" : 48.993819591728524,
    "sentKBytesPerSec" : 15.247365868509172
  }
}